{
  "accuracy": 0.9181578947368421,
  "f1_weighted": 0.9181153449606783
}