{
  "base_model": {
    "accuracy": 0.2,
    "f1_weighted": 0.13333333333333333
  },
  "lora_finetuned": {
    "accuracy": 0.5,
    "f1_weighted": 0.4545454545454545
  }
}